{
	"0": {
		"ddi": null,
		"number": null
	},
	"55": {
		"ddi": "55",
		"number": ""
	},
	"35850": {
		"ddi": "358",
		"number": "50"
	},
	"29064411": {
		"ddi": "290",
		"number": "64411"
	},
	"50055955": {
		"ddi": "500",
		"number": "55955"
	},
	"299222222": {
		"ddi": "299",
		"number": "222222"
	},
	"299223344": {
		"ddi": "299",
		"number": "223344"
	},
	"299554433": {
		"ddi": "299",
		"number": "554433"
	},
	"508551011": {
		"ddi": "508",
		"number": "551011"
	},
	"508551012": {
		"ddi": "508",
		"number": "551012"
	},
	"508551013": {
		"ddi": "508",
		"number": "551013"
	},
	"687332211": {
		"ddi": "687",
		"number": "332211"
	},
	"687334455": {
		"ddi": "687",
		"number": "334455"
	},
	"687445566": {
		"ddi": "687",
		"number": "445566"
	},
	"687554433": {
		"ddi": "687",
		"number": "554433"
	},
	"687665544": {
		"ddi": "687",
		"number": "665544"
	},
	"687776655": {
		"ddi": "687",
		"number": "776655"
	},
	"687878787": {
		"ddi": "687",
		"number": "878787"
	},
	"687886633": {
		"ddi": "687",
		"number": "886633"
	},
	"687887766": {
		"ddi": "687",
		"number": "887766"
	},
	"687889933": {
		"ddi": "687",
		"number": "889933"
	},
	"687998877": {
		"ddi": "687",
		"number": "998877"
	},
	"+55 69 9377-1328+55 69 9377-1328": {
		"ddi": "+55 69 9377-1328",
		"number": "+55 69 9377-1328"
	},
	"55+55 69 9377-1328": {
		"ddi": "55",
		"number": "+55 69 9377-1328"
	},
	"556993771328": {
		"ddi": "55",
		"number": "6993771328"
	},
	"556499999998": {
		"ddi": "55",
		"number": "6499999998"
	},
	"558888888888": {
		"ddi": "55",
		"number": "8888888888"
	},
	"526692689759": {
		"ddi": "52",
		"number": "6692689759"
	},
	"923457030306": {
		"ddi": "92",
		"number": "3457030306"
	},
	"358414714713": {
		"ddi": "358",
		"number": "414714713"
	},
	"393917986696": {
		"ddi": "39",
		"number": "3917986696"
	},
	"49C": {
		"ddi": "49",
		"number": "C"
	},
	"436648100000": {
		"ddi": "43",
		"number": "6648100000"
	},
	"16196191061": {
		"ddi": "1",
		"number": "6196191061"
	},
	"4916223333321": {
		"ddi": "49",
		"number": "16223333321"
	},
	"558288888888": {
		"ddi": "55",
		"number": "8288888888"
	},
	"55null": {
		"ddi": "55",
		"number": null
	},
	"43null": {
		"ddi": "43",
		"number": null
	},
	"4367799010000": {
		"ddi": "43",
		"number": "67799010000"
	},
	"55\u001b[H6191000000": {
		"ddi": "55",
		"number": "\u001b[H6191000000"
	},
	"556191000000": {
		"ddi": "55",
		"number": "6191000000"
	},
	"5511959811201": {
		"ddi": "55",
		"number": "11959811201"
	},
	"13433333333": {
		"ddi": "1",
		"number": "3433333333"
	},
	"5571992625856": {
		"ddi": "55",
		"number": "71992625856"
	},
	"\u001b[1;5A": {
		"ddi": "\u001b[1;5A",
		"number": ""
	},
	"551199495907": {
		"ddi": "55",
		"number": "1199495907"
	},
	"5511994959070": {
		"ddi": "55",
		"number": "11994959070"
	},
	"5561991000000": {
		"ddi": "55",
		"number": "61991000000"
	},
	"5511947481836": {
		"ddi": "55",
		"number": "11947481836"
	},
	"5511994749189": {
		"ddi": "55",
		"number": "11994749189"
	},
	"48null": {
		"ddi": "48",
		"number": null
	},
	"5512988888882": {
		"ddi": "55",
		"number": "12988888882"
	},
	"5521980073090": {
		"ddi": "55",
		"number": "21980073090"
	},
	"558591045537": {
		"ddi": "55",
		"number": "8591045537"
	},
	"393714808888": {
		"ddi": "39",
		"number": "3714808888"
	},
	"37737777777": {
		"ddi": "377",
		"number": "37777777"
	},
	"37737777778": {
		"ddi": "377",
		"number": "37777778"
	},
	"5511988888888": {
		"ddi": "55",
		"number": "11988888888"
	},
	"5571992621122null": {
		"ddi": "5571992621122",
		"number": null
	},
	"508551012null": {
		"ddi": "508551012",
		"number": null
	},
	"5511988887777": {
		"ddi": "55",
		"number": "11988887777"
	},
	"null": {
		"ddi": null,
		"number": ""
	},
	"5581988888888": {
		"ddi": "55",
		"number": "81988888888"
	},
	"5591988888888": {
		"ddi": "55",
		"number": "91988888888"
	},
	"38348141546": {
		"ddi": "383",
		"number": "48141546"
	},
	"5512981893346": {
		"ddi": "55",
		"number": "12981893346"
	},
	"56null": {
		"ddi": "56",
		"number": null
	},
	"5null": {
		"ddi": "5",
		"number": null
	},
	"551191111111": {
		"ddi": "55",
		"number": "1191111111"
	},
	"5512988888888": {
		"ddi": "55",
		"number": "12988888888"
	},
	"4366565777778": {
		"ddi": "43",
		"number": "66565777778"
	},
	"5585988888888": {
		"ddi": "55",
		"number": "85988888888"
	},
	"5584988888888": {
		"ddi": "55",
		"number": "84988888888"
	},
	"5516999999944": {
		"ddi": "55",
		"number": "16999999944"
	},
	"5519982581961": {
		"ddi": "55",
		"number": "19982581961"
	},
	"558899854554": {
		"ddi": "55",
		"number": "8899854554"
	},
	"3584573983033": {
		"ddi": "358",
		"number": "4573983033"
	},
	"5554996567699": {
		"ddi": "55",
		"number": "54996567699"
	},
	"5584994797805": {
		"ddi": "55",
		"number": "84994797805"
	},
	"5581973233760": {
		"ddi": "55",
		"number": "81973233760"
	},
	"5519995558859": {
		"ddi": "55",
		"number": "19995558859"
	},
	"5561991814545": {
		"ddi": "55",
		"number": "61991814545"
	},
	"5555991185994": {
		"ddi": "55",
		"number": "55991185994"
	},
	"5521981899445": {
		"ddi": "55",
		"number": "21981899445"
	},
	"5511952682730": {
		"ddi": "55",
		"number": "11952682730"
	},
	"5521997954767": {
		"ddi": "55",
		"number": "21997954767"
	},
	"55Sincerely,\rLeif K-Brooks\rFounder, Omegle.com L": {
		"ddi": "55",
		"number": "Sincerely,\rLeif K-Brooks\rFounder, Omegle.com L"
	},
	"55exit": {
		"ddi": "55",
		"number": "exit"
	},
	"5513988459808": {
		"ddi": "55",
		"number": "13988459808"
	},
	"5521983188510": {
		"ddi": "55",
		"number": "21983188510"
	},
	"5514981492275": {
		"ddi": "55",
		"number": "14981492275"
	},
	"5511977709668": {
		"ddi": "55",
		"number": "11977709668"
	},
	"5543999784162": {
		"ddi": "55",
		"number": "43999784162"
	},
	"exitexit": {
		"ddi": "exit",
		"number": "exit"
	},
	"5592991251176": {
		"ddi": "55",
		"number": "92991251176"
	},
	"91null": {
		"ddi": "91",
		"number": null
	},
	"917880031528": {
		"ddi": "91",
		"number": "7880031528"
	},
	"\n\n5519995558859": {
		"ddi": "\n\n55",
		"number": "19995558859"
	},
	"54null": {
		"ddi": "54",
		"number": null
	},
	"9null": {
		"ddi": "9",
		"number": null
	},
	"13152854806": {
		"ddi": "1",
		"number": "3152854806"
	},
	"559292906931": {
		"ddi": "55",
		"number": "9292906931"
	},
	"554799466094": {
		"ddi": "55",
		"number": "4799466094"
	},
	"5554996670381": {
		"ddi": "55",
		"number": "54996670381"
	},
	"5592981251252": {
		"ddi": "55",
		"number": "92981251252"
	},
	"5532999369693": {
		"ddi": "55",
		"number": "32999369693"
	},
	"553299033545": {
		"ddi": "55",
		"number": "3299033545"
	},
	"5567991322726": {
		"ddi": "55",
		"number": "67991322726"
	},
	"556793182057": {
		"ddi": "55",
		"number": "6793182057"
	},
	"555199743633": {
		"ddi": "55",
		"number": "5199743633"
	},
	"554784714057": {
		"ddi": "55",
		"number": "4784714057"
	},
	"5581992379882": {
		"ddi": "55",
		"number": "81992379882"
	},
	"5517996561852": {
		"ddi": "55",
		"number": "17996561852"
	},
	"5511965648586": {
		"ddi": "55",
		"number": "11965648586"
	},
	"5511950291675": {
		"ddi": "55",
		"number": "11950291675"
	},
	"5531988621044": {
		"ddi": "55",
		"number": "31988621044"
	},
	"+6287770521275+6287770521275": {
		"ddi": "+6287770521275",
		"number": "+6287770521275"
	},
	"62877705212756287770521275": {
		"ddi": "6287770521275",
		"number": "6287770521275"
	},
	"6287770521275": {
		"ddi": "",
		"number": "6287770521275"
	},
	"+13107583697": {
		"ddi": "+1",
		"number": "3107583697"
	},
	"+6285280234913": {
		"ddi": "+62",
		"number": "85280234913"
	},
	"+60+60195447479": {
		"ddi": "+60",
		"number": "+60195447479"
	},
	"+60195447479": {
		"ddi": "+60",
		"number": "195447479"
	},
	"60195447479": {
		"ddi": "60",
		"number": "195447479"
	},
	"60\u001b[F19-544 7479": {
		"ddi": "60",
		"number": "\u001b[F19-544 7479"
	},
	"+60182932911": {
		"ddi": "+60",
		"number": "182932911"
	},
	"60182932911": {
		"ddi": "60",
		"number": "182932911"
	},
	"601127406393": {
		"ddi": "60",
		"number": "1127406393"
	}
}